source_id,filename,title,topic,page,n_words,language,en_hits,sw_hits
S01,diversity in maize production environments and practices.pdf,Diversity in maize production environments and practices,agronomy,1,23,unknown,4,0
S01,diversity in maize production environments and practices.pdf,Diversity in maize production environments and practices,agronomy,2,30,en,5,0
S01,diversity in maize production environments and practices.pdf,Diversity in maize production environments and practices,agronomy,3,72,en,18,0
S01,diversity in maize production environments and practices.pdf,Diversity in maize production environments and practices,agronomy,4,91,en,19,0
S01,diversity in maize production environments and practices.pdf,Diversity in maize production environments and practices,agronomy,5,70,en,18,0
S01,diversity in maize production environments and practices.pdf,Diversity in maize production environments and practices,agronomy,6,50,en,11,0
S01,diversity in maize production environments and practices.pdf,Diversity in maize production environments and practices,agronomy,7,5,unknown,1,0
S01,diversity in maize production environments and practices.pdf,Diversity in maize production environments and practices,agronomy,8,53,unknown,2,0
S01,diversity in maize production environments and practices.pdf,Diversity in maize production environments and practices,agronomy,9,52,unknown,2,0
S01,diversity in maize production environments and practices.pdf,Diversity in maize production environments and practices,agronomy,10,75,unknown,2,0
S01,diversity in maize production environments and practices.pdf,Diversity in maize production environments and practices,agronomy,11,74,unknown,2,0
S01,diversity in maize production environments and practices.pdf,Diversity in maize production environments and practices,agronomy,12,73,unknown,1,0
S01,diversity in maize production environments and practices.pdf,Diversity in maize production environments and practices,agronomy,13,72,unknown,0,0
S01,diversity in maize production environments and practices.pdf,Diversity in maize production environments and practices,agronomy,14,67,unknown,2,0
S01,diversity in maize production environments and practices.pdf,Diversity in maize production environments and practices,agronomy,15,66,unknown,2,0
S01,diversity in maize production environments and practices.pdf,Diversity in maize production environments and practices,agronomy,16,70,unknown,2,0
S01,diversity in maize production environments and practices.pdf,Diversity in maize production environments and practices,agronomy,17,68,unknown,3,0
S01,diversity in maize production environments and practices.pdf,Diversity in maize production environments and practices,agronomy,18,5,unknown,0,0
S01,diversity in maize production environments and practices.pdf,Diversity in maize production environments and practices,agronomy,19,28,unknown,1,0
S01,diversity in maize production environments and practices.pdf,Diversity in maize production environments and practices,agronomy,20,18,unknown,3,0
S01,diversity in maize production environments and practices.pdf,Diversity in maize production environments and practices,agronomy,21,29,unknown,4,0
S01,diversity in maize production environments and practices.pdf,Diversity in maize production environments and practices,agronomy,22,68,en,11,0
S01,diversity in maize production environments and practices.pdf,Diversity in maize production environments and practices,agronomy,23,30,unknown,1,0
S01,diversity in maize production environments and practices.pdf,Diversity in maize production environments and practices,agronomy,24,40,unknown,3,0
S01,diversity in maize production environments and practices.pdf,Diversity in maize production environments and practices,agronomy,25,27,unknown,1,0
S01,diversity in maize production environments and practices.pdf,Diversity in maize production environments and practices,agronomy,26,44,en,10,0
S01,diversity in maize production environments and practices.pdf,Diversity in maize production environments and practices,agronomy,27,62,en,5,0
S01,diversity in maize production environments and practices.pdf,Diversity in maize production environments and practices,agronomy,28,70,en,9,0
S01,diversity in maize production environments and practices.pdf,Diversity in maize production environments and practices,agronomy,29,2,unknown,0,0
S01,diversity in maize production environments and practices.pdf,Diversity in maize production environments and practices,agronomy,30,0,unknown,0,0
S01,diversity in maize production environments and practices.pdf,Diversity in maize production environments and practices,agronomy,31,0,unknown,0,0
S01,diversity in maize production environments and practices.pdf,Diversity in maize production environments and practices,agronomy,32,0,unknown,0,0
S01,diversity in maize production environments and practices.pdf,Diversity in maize production environments and practices,agronomy,33,0,unknown,0,0
S01,diversity in maize production environments and practices.pdf,Diversity in maize production environments and practices,agronomy,34,0,unknown,0,0
S01,diversity in maize production environments and practices.pdf,Diversity in maize production environments and practices,agronomy,35,0,unknown,0,0
S01,diversity in maize production environments and practices.pdf,Diversity in maize production environments and practices,agronomy,36,0,unknown,0,0
S02,MAIZE GROWERS GUIDE.pdf,Maize Growers Guide,agronomy,1,55,en,5,0
S02,MAIZE GROWERS GUIDE.pdf,Maize Growers Guide,agronomy,2,217,en,58,0
S02,MAIZE GROWERS GUIDE.pdf,Maize Growers Guide,agronomy,3,179,en,49,0
S02,MAIZE GROWERS GUIDE.pdf,Maize Growers Guide,agronomy,4,154,en,47,0
S02,MAIZE GROWERS GUIDE.pdf,Maize Growers Guide,agronomy,5,82,unknown,0,0
S02,MAIZE GROWERS GUIDE.pdf,Maize Growers Guide,agronomy,6,159,en,42,0
S02,MAIZE GROWERS GUIDE.pdf,Maize Growers Guide,agronomy,7,73,en,18,0
S02,MAIZE GROWERS GUIDE.pdf,Maize Growers Guide,agronomy,8,129,en,8,0
S02,MAIZE GROWERS GUIDE.pdf,Maize Growers Guide,agronomy,9,169,en,29,0
S02,MAIZE GROWERS GUIDE.pdf,Maize Growers Guide,agronomy,10,144,en,21,0
S02,MAIZE GROWERS GUIDE.pdf,Maize Growers Guide,agronomy,11,81,unknown,3,0
S02,MAIZE GROWERS GUIDE.pdf,Maize Growers Guide,agronomy,12,350,en,109,0
S02,MAIZE GROWERS GUIDE.pdf,Maize Growers Guide,agronomy,13,151,en,52,0
S02,MAIZE GROWERS GUIDE.pdf,Maize Growers Guide,agronomy,14,295,en,97,0
S02,MAIZE GROWERS GUIDE.pdf,Maize Growers Guide,agronomy,15,76,en,14,0
S02,MAIZE GROWERS GUIDE.pdf,Maize Growers Guide,agronomy,16,289,en,96,0
S02,MAIZE GROWERS GUIDE.pdf,Maize Growers Guide,agronomy,17,349,en,104,0
S02,MAIZE GROWERS GUIDE.pdf,Maize Growers Guide,agronomy,18,353,en,122,0
S02,MAIZE GROWERS GUIDE.pdf,Maize Growers Guide,agronomy,19,42,en,8,0
S03,National-Agriculture-Production-Report-2025.pdf,National Agriculture Production Report 2025,statistics,1,11,unknown,0,0
S03,National-Agriculture-Production-Report-2025.pdf,National Agriculture Production Report 2025,statistics,2,6,unknown,0,0
S03,National-Agriculture-Production-Report-2025.pdf,National Agriculture Production Report 2025,statistics,3,10,unknown,0,0
S03,National-Agriculture-Production-Report-2025.pdf,National Agriculture Production Report 2025,statistics,4,231,en,61,0
S03,National-Agriculture-Production-Report-2025.pdf,National Agriculture Production Report 2025,statistics,5,134,en,10,0
S03,National-Agriculture-Production-Report-2025.pdf,National Agriculture Production Report 2025,statistics,6,164,en,7,0
S03,National-Agriculture-Production-Report-2025.pdf,National Agriculture Production Report 2025,statistics,7,202,en,12,0
S03,National-Agriculture-Production-Report-2025.pdf,National Agriculture Production Report 2025,statistics,8,186,en,14,0
S03,National-Agriculture-Production-Report-2025.pdf,National Agriculture Production Report 2025,statistics,9,330,en,67,0
S03,National-Agriculture-Production-Report-2025.pdf,National Agriculture Production Report 2025,statistics,10,413,en,60,0
S03,National-Agriculture-Production-Report-2025.pdf,National Agriculture Production Report 2025,statistics,11,362,en,45,0
S03,National-Agriculture-Production-Report-2025.pdf,National Agriculture Production Report 2025,statistics,12,367,en,50,0
S03,National-Agriculture-Production-Report-2025.pdf,National Agriculture Production Report 2025,statistics,13,328,en,10,0
S03,National-Agriculture-Production-Report-2025.pdf,National Agriculture Production Report 2025,statistics,14,412,en,109,0
S03,National-Agriculture-Production-Report-2025.pdf,National Agriculture Production Report 2025,statistics,15,264,en,80,0
S03,National-Agriculture-Production-Report-2025.pdf,National Agriculture Production Report 2025,statistics,16,6,unknown,0,0
S03,National-Agriculture-Production-Report-2025.pdf,National Agriculture Production Report 2025,statistics,17,384,en,91,0
S03,National-Agriculture-Production-Report-2025.pdf,National Agriculture Production Report 2025,statistics,18,352,en,89,0
S03,National-Agriculture-Production-Report-2025.pdf,National Agriculture Production Report 2025,statistics,19,139,en,9,0
S03,National-Agriculture-Production-Report-2025.pdf,National Agriculture Production Report 2025,statistics,20,101,en,7,0
S03,National-Agriculture-Production-Report-2025.pdf,National Agriculture Production Report 2025,statistics,21,6,unknown,0,0
S03,National-Agriculture-Production-Report-2025.pdf,National Agriculture Production Report 2025,statistics,22,115,unknown,1,0
S03,National-Agriculture-Production-Report-2025.pdf,National Agriculture Production Report 2025,statistics,23,6,unknown,0,0
S03,National-Agriculture-Production-Report-2025.pdf,National Agriculture Production Report 2025,statistics,24,8,unknown,0,0
S03,National-Agriculture-Production-Report-2025.pdf,National Agriculture Production Report 2025,statistics,25,589,en,163,0
S03,National-Agriculture-Production-Report-2025.pdf,National Agriculture Production Report 2025,statistics,26,8,unknown,0,0
S03,National-Agriculture-Production-Report-2025.pdf,National Agriculture Production Report 2025,statistics,27,437,en,123,0
S03,National-Agriculture-Production-Report-2025.pdf,National Agriculture Production Report 2025,statistics,28,322,en,68,0
S03,National-Agriculture-Production-Report-2025.pdf,National Agriculture Production Report 2025,statistics,29,299,en,80,0
S03,National-Agriculture-Production-Report-2025.pdf,National Agriculture Production Report 2025,statistics,30,9,unknown,0,0
S03,National-Agriculture-Production-Report-2025.pdf,National Agriculture Production Report 2025,statistics,31,537,en,99,0
S03,National-Agriculture-Production-Report-2025.pdf,National Agriculture Production Report 2025,statistics,32,207,en,51,0
S03,National-Agriculture-Production-Report-2025.pdf,National Agriculture Production Report 2025,statistics,33,13,unknown,1,0
S03,National-Agriculture-Production-Report-2025.pdf,National Agriculture Production Report 2025,statistics,34,14,unknown,1,0
S03,National-Agriculture-Production-Report-2025.pdf,National Agriculture Production Report 2025,statistics,35,341,en,79,0
S03,National-Agriculture-Production-Report-2025.pdf,National Agriculture Production Report 2025,statistics,36,544,en,100,0
S03,National-Agriculture-Production-Report-2025.pdf,National Agriculture Production Report 2025,statistics,37,6,unknown,0,0
S03,National-Agriculture-Production-Report-2025.pdf,National Agriculture Production Report 2025,statistics,38,379,en,48,0
S03,National-Agriculture-Production-Report-2025.pdf,National Agriculture Production Report 2025,statistics,39,187,en,26,0
S03,National-Agriculture-Production-Report-2025.pdf,National Agriculture Production Report 2025,statistics,40,6,unknown,0,0
S03,National-Agriculture-Production-Report-2025.pdf,National Agriculture Production Report 2025,statistics,41,349,en,79,0
S03,National-Agriculture-Production-Report-2025.pdf,National Agriculture Production Report 2025,statistics,42,104,unknown,4,0
S03,National-Agriculture-Production-Report-2025.pdf,National Agriculture Production Report 2025,statistics,43,15,unknown,1,0
S03,National-Agriculture-Production-Report-2025.pdf,National Agriculture Production Report 2025,statistics,44,16,unknown,1,0
S03,National-Agriculture-Production-Report-2025.pdf,National Agriculture Production Report 2025,statistics,45,281,en,76,0
S03,National-Agriculture-Production-Report-2025.pdf,National Agriculture Production Report 2025,statistics,46,287,en,60,0
S03,National-Agriculture-Production-Report-2025.pdf,National Agriculture Production Report 2025,statistics,47,322,en,80,0
S03,National-Agriculture-Production-Report-2025.pdf,National Agriculture Production Report 2025,statistics,48,245,en,54,0
S03,National-Agriculture-Production-Report-2025.pdf,National Agriculture Production Report 2025,statistics,49,14,unknown,1,0
S03,National-Agriculture-Production-Report-2025.pdf,National Agriculture Production Report 2025,statistics,50,15,unknown,1,0
S03,National-Agriculture-Production-Report-2025.pdf,National Agriculture Production Report 2025,statistics,51,180,en,34,0
S03,National-Agriculture-Production-Report-2025.pdf,National Agriculture Production Report 2025,statistics,52,208,en,47,0
S03,National-Agriculture-Production-Report-2025.pdf,National Agriculture Production Report 2025,statistics,53,6,unknown,0,0
S03,National-Agriculture-Production-Report-2025.pdf,National Agriculture Production Report 2025,statistics,54,8,unknown,0,0
S03,National-Agriculture-Production-Report-2025.pdf,National Agriculture Production Report 2025,statistics,55,403,en,94,0
S03,National-Agriculture-Production-Report-2025.pdf,National Agriculture Production Report 2025,statistics,56,331,en,56,0
S03,National-Agriculture-Production-Report-2025.pdf,National Agriculture Production Report 2025,statistics,57,223,en,24,0
S03,National-Agriculture-Production-Report-2025.pdf,National Agriculture Production Report 2025,statistics,58,385,unknown,4,0
S03,National-Agriculture-Production-Report-2025.pdf,National Agriculture Production Report 2025,statistics,59,6,unknown,0,0
S03,National-Agriculture-Production-Report-2025.pdf,National Agriculture Production Report 2025,statistics,60,376,unknown,4,0
S03,National-Agriculture-Production-Report-2025.pdf,National Agriculture Production Report 2025,statistics,61,16,unknown,2,0
S03,National-Agriculture-Production-Report-2025.pdf,National Agriculture Production Report 2025,statistics,62,15,unknown,2,0
S03,National-Agriculture-Production-Report-2025.pdf,National Agriculture Production Report 2025,statistics,63,142,en,33,0
S03,National-Agriculture-Production-Report-2025.pdf,National Agriculture Production Report 2025,statistics,64,282,unknown,4,0
S03,National-Agriculture-Production-Report-2025.pdf,National Agriculture Production Report 2025,statistics,65,285,unknown,4,0
S03,National-Agriculture-Production-Report-2025.pdf,National Agriculture Production Report 2025,statistics,66,253,en,24,0
S03,National-Agriculture-Production-Report-2025.pdf,National Agriculture Production Report 2025,statistics,67,191,unknown,4,0
S03,National-Agriculture-Production-Report-2025.pdf,National Agriculture Production Report 2025,statistics,68,356,en,40,0
S03,National-Agriculture-Production-Report-2025.pdf,National Agriculture Production Report 2025,statistics,69,6,unknown,0,0
S03,National-Agriculture-Production-Report-2025.pdf,National Agriculture Production Report 2025,statistics,70,346,en,25,0
S03,National-Agriculture-Production-Report-2025.pdf,National Agriculture Production Report 2025,statistics,71,162,unknown,4,0
S03,National-Agriculture-Production-Report-2025.pdf,National Agriculture Production Report 2025,statistics,72,368,unknown,4,0
S03,National-Agriculture-Production-Report-2025.pdf,National Agriculture Production Report 2025,statistics,73,6,unknown,0,0
S03,National-Agriculture-Production-Report-2025.pdf,National Agriculture Production Report 2025,statistics,74,19,unknown,3,0
S03,National-Agriculture-Production-Report-2025.pdf,National Agriculture Production Report 2025,statistics,75,18,unknown,4,0
S03,National-Agriculture-Production-Report-2025.pdf,National Agriculture Production Report 2025,statistics,76,328,en,26,0
S03,National-Agriculture-Production-Report-2025.pdf,National Agriculture Production Report 2025,statistics,77,191,en,30,0
S03,National-Agriculture-Production-Report-2025.pdf,National Agriculture Production Report 2025,statistics,78,355,en,15,0
S03,National-Agriculture-Production-Report-2025.pdf,National Agriculture Production Report 2025,statistics,79,6,unknown,0,0
S03,National-Agriculture-Production-Report-2025.pdf,National Agriculture Production Report 2025,statistics,80,9,unknown,0,0
S03,National-Agriculture-Production-Report-2025.pdf,National Agriculture Production Report 2025,statistics,81,244,en,51,0
S03,National-Agriculture-Production-Report-2025.pdf,National Agriculture Production Report 2025,statistics,82,382,unknown,3,0
S03,National-Agriculture-Production-Report-2025.pdf,National Agriculture Production Report 2025,statistics,83,307,en,82,0
S03,National-Agriculture-Production-Report-2025.pdf,National Agriculture Production Report 2025,statistics,84,113,unknown,3,0
S03,National-Agriculture-Production-Report-2025.pdf,National Agriculture Production Report 2025,statistics,85,239,en,7,0
S03,National-Agriculture-Production-Report-2025.pdf,National Agriculture Production Report 2025,statistics,86,466,en,92,0
S03,National-Agriculture-Production-Report-2025.pdf,National Agriculture Production Report 2025,statistics,87,204,en,9,0
S03,National-Agriculture-Production-Report-2025.pdf,National Agriculture Production Report 2025,statistics,88,11,unknown,0,0
S03,National-Agriculture-Production-Report-2025.pdf,National Agriculture Production Report 2025,statistics,89,163,en,5,0
S03,National-Agriculture-Production-Report-2025.pdf,National Agriculture Production Report 2025,statistics,90,6,unknown,0,0
S03,National-Agriculture-Production-Report-2025.pdf,National Agriculture Production Report 2025,statistics,91,14,unknown,0,0
S03,National-Agriculture-Production-Report-2025.pdf,National Agriculture Production Report 2025,statistics,92,315,en,56,0
S03,National-Agriculture-Production-Report-2025.pdf,National Agriculture Production Report 2025,statistics,93,297,en,48,0
S03,National-Agriculture-Production-Report-2025.pdf,National Agriculture Production Report 2025,statistics,94,165,unknown,2,0
S03,National-Agriculture-Production-Report-2025.pdf,National Agriculture Production Report 2025,statistics,95,210,en,18,0
S03,National-Agriculture-Production-Report-2025.pdf,National Agriculture Production Report 2025,statistics,96,433,en,83,0
S03,National-Agriculture-Production-Report-2025.pdf,National Agriculture Production Report 2025,statistics,97,6,unknown,0,0
S03,National-Agriculture-Production-Report-2025.pdf,National Agriculture Production Report 2025,statistics,98,281,en,41,0
S03,National-Agriculture-Production-Report-2025.pdf,National Agriculture Production Report 2025,statistics,99,259,en,36,0
S03,National-Agriculture-Production-Report-2025.pdf,National Agriculture Production Report 2025,statistics,100,188,unknown,3,0
S03,National-Agriculture-Production-Report-2025.pdf,National Agriculture Production Report 2025,statistics,101,216,en,21,0
S03,National-Agriculture-Production-Report-2025.pdf,National Agriculture Production Report 2025,statistics,102,525,en,130,0
S03,National-Agriculture-Production-Report-2025.pdf,National Agriculture Production Report 2025,statistics,103,6,unknown,0,0
S03,National-Agriculture-Production-Report-2025.pdf,National Agriculture Production Report 2025,statistics,104,414,en,81,0
S03,National-Agriculture-Production-Report-2025.pdf,National Agriculture Production Report 2025,statistics,105,33,unknown,2,0
S03,National-Agriculture-Production-Report-2025.pdf,National Agriculture Production Report 2025,statistics,106,282,en,25,0
S03,National-Agriculture-Production-Report-2025.pdf,National Agriculture Production Report 2025,statistics,107,237,en,69,0
S03,National-Agriculture-Production-Report-2025.pdf,National Agriculture Production Report 2025,statistics,108,15,unknown,0,0
S03,National-Agriculture-Production-Report-2025.pdf,National Agriculture Production Report 2025,statistics,109,339,en,87,0
S03,National-Agriculture-Production-Report-2025.pdf,National Agriculture Production Report 2025,statistics,110,17,unknown,0,0
S03,National-Agriculture-Production-Report-2025.pdf,National Agriculture Production Report 2025,statistics,111,290,en,90,0
S03,National-Agriculture-Production-Report-2025.pdf,National Agriculture Production Report 2025,statistics,112,317,en,48,0
S03,National-Agriculture-Production-Report-2025.pdf,National Agriculture Production Report 2025,statistics,113,6,unknown,0,0
S03,National-Agriculture-Production-Report-2025.pdf,National Agriculture Production Report 2025,statistics,114,112,en,23,0
S03,National-Agriculture-Production-Report-2025.pdf,National Agriculture Production Report 2025,statistics,115,414,en,5,0
S03,National-Agriculture-Production-Report-2025.pdf,National Agriculture Production Report 2025,statistics,116,342,en,94,0
S03,National-Agriculture-Production-Report-2025.pdf,National Agriculture Production Report 2025,statistics,117,488,en,129,0
S03,National-Agriculture-Production-Report-2025.pdf,National Agriculture Production Report 2025,statistics,118,344,en,46,0
S03,National-Agriculture-Production-Report-2025.pdf,National Agriculture Production Report 2025,statistics,119,173,en,47,0
S03,National-Agriculture-Production-Report-2025.pdf,National Agriculture Production Report 2025,statistics,120,299,en,38,0
S03,National-Agriculture-Production-Report-2025.pdf,National Agriculture Production Report 2025,statistics,121,438,en,98,0
S03,National-Agriculture-Production-Report-2025.pdf,National Agriculture Production Report 2025,statistics,122,203,en,25,0
S03,National-Agriculture-Production-Report-2025.pdf,National Agriculture Production Report 2025,statistics,123,352,en,90,0
S03,National-Agriculture-Production-Report-2025.pdf,National Agriculture Production Report 2025,statistics,124,188,en,22,0
S03,National-Agriculture-Production-Report-2025.pdf,National Agriculture Production Report 2025,statistics,125,238,en,48,0
S03,National-Agriculture-Production-Report-2025.pdf,National Agriculture Production Report 2025,statistics,126,11,unknown,1,0
S03,National-Agriculture-Production-Report-2025.pdf,National Agriculture Production Report 2025,statistics,127,451,en,109,0
S03,National-Agriculture-Production-Report-2025.pdf,National Agriculture Production Report 2025,statistics,128,336,en,72,0
S03,National-Agriculture-Production-Report-2025.pdf,National Agriculture Production Report 2025,statistics,129,477,en,97,0
S03,National-Agriculture-Production-Report-2025.pdf,National Agriculture Production Report 2025,statistics,130,418,en,62,0
S03,National-Agriculture-Production-Report-2025.pdf,National Agriculture Production Report 2025,statistics,131,6,unknown,0,0
S03,National-Agriculture-Production-Report-2025.pdf,National Agriculture Production Report 2025,statistics,132,439,en,102,0
S03,National-Agriculture-Production-Report-2025.pdf,National Agriculture Production Report 2025,statistics,133,413,en,53,0
S03,National-Agriculture-Production-Report-2025.pdf,National Agriculture Production Report 2025,statistics,134,230,en,64,0
S03,National-Agriculture-Production-Report-2025.pdf,National Agriculture Production Report 2025,statistics,135,283,unknown,2,0
S03,National-Agriculture-Production-Report-2025.pdf,National Agriculture Production Report 2025,statistics,136,245,en,24,0
S03,National-Agriculture-Production-Report-2025.pdf,National Agriculture Production Report 2025,statistics,137,139,en,14,0
S03,National-Agriculture-Production-Report-2025.pdf,National Agriculture Production Report 2025,statistics,138,9,unknown,0,0
S03,National-Agriculture-Production-Report-2025.pdf,National Agriculture Production Report 2025,statistics,139,287,en,62,0
S03,National-Agriculture-Production-Report-2025.pdf,National Agriculture Production Report 2025,statistics,140,40,unknown,0,0
S03,National-Agriculture-Production-Report-2025.pdf,National Agriculture Production Report 2025,statistics,141,16,unknown,1,0
S03,National-Agriculture-Production-Report-2025.pdf,National Agriculture Production Report 2025,statistics,142,245,en,46,0
S03,National-Agriculture-Production-Report-2025.pdf,National Agriculture Production Report 2025,statistics,143,83,unknown,0,0
S03,National-Agriculture-Production-Report-2025.pdf,National Agriculture Production Report 2025,statistics,144,222,en,48,0
S03,National-Agriculture-Production-Report-2025.pdf,National Agriculture Production Report 2025,statistics,145,14,unknown,1,0
S03,National-Agriculture-Production-Report-2025.pdf,National Agriculture Production Report 2025,statistics,146,80,unknown,0,0
S03,National-Agriculture-Production-Report-2025.pdf,National Agriculture Production Report 2025,statistics,147,87,unknown,0,0
S03,National-Agriculture-Production-Report-2025.pdf,National Agriculture Production Report 2025,statistics,148,6,unknown,0,0
S03,National-Agriculture-Production-Report-2025.pdf,National Agriculture Production Report 2025,statistics,149,135,en,10,0
S03,National-Agriculture-Production-Report-2025.pdf,National Agriculture Production Report 2025,statistics,150,89,unknown,0,0
S03,National-Agriculture-Production-Report-2025.pdf,National Agriculture Production Report 2025,statistics,151,119,en,14,0
S03,National-Agriculture-Production-Report-2025.pdf,National Agriculture Production Report 2025,statistics,152,196,en,26,0
S03,National-Agriculture-Production-Report-2025.pdf,National Agriculture Production Report 2025,statistics,153,116,en,13,0
S03,National-Agriculture-Production-Report-2025.pdf,National Agriculture Production Report 2025,statistics,154,158,en,16,0
S03,National-Agriculture-Production-Report-2025.pdf,National Agriculture Production Report 2025,statistics,155,199,en,32,0
S03,National-Agriculture-Production-Report-2025.pdf,National Agriculture Production Report 2025,statistics,156,192,en,28,0
S03,National-Agriculture-Production-Report-2025.pdf,National Agriculture Production Report 2025,statistics,157,284,en,69,0
S03,National-Agriculture-Production-Report-2025.pdf,National Agriculture Production Report 2025,statistics,158,147,unknown,3,0
S03,National-Agriculture-Production-Report-2025.pdf,National Agriculture Production Report 2025,statistics,159,75,unknown,2,0
S03,National-Agriculture-Production-Report-2025.pdf,National Agriculture Production Report 2025,statistics,160,74,unknown,2,0
S03,National-Agriculture-Production-Report-2025.pdf,National Agriculture Production Report 2025,statistics,161,79,unknown,2,0
S03,National-Agriculture-Production-Report-2025.pdf,National Agriculture Production Report 2025,statistics,162,108,en,21,0
S03,National-Agriculture-Production-Report-2025.pdf,National Agriculture Production Report 2025,statistics,163,132,unknown,2,0
S03,National-Agriculture-Production-Report-2025.pdf,National Agriculture Production Report 2025,statistics,164,93,en,13,0
S03,National-Agriculture-Production-Report-2025.pdf,National Agriculture Production Report 2025,statistics,165,230,en,54,0
S03,National-Agriculture-Production-Report-2025.pdf,National Agriculture Production Report 2025,statistics,166,32,unknown,1,0
S03,National-Agriculture-Production-Report-2025.pdf,National Agriculture Production Report 2025,statistics,167,6,unknown,0,0
S03,National-Agriculture-Production-Report-2025.pdf,National Agriculture Production Report 2025,statistics,168,8,unknown,0,0
S03,National-Agriculture-Production-Report-2025.pdf,National Agriculture Production Report 2025,statistics,169,254,en,57,0
S03,National-Agriculture-Production-Report-2025.pdf,National Agriculture Production Report 2025,statistics,170,14,unknown,2,0
S03,National-Agriculture-Production-Report-2025.pdf,National Agriculture Production Report 2025,statistics,171,527,en,132,0
S03,National-Agriculture-Production-Report-2025.pdf,National Agriculture Production Report 2025,statistics,172,21,unknown,3,0
S03,National-Agriculture-Production-Report-2025.pdf,National Agriculture Production Report 2025,statistics,173,12,unknown,1,0
S03,National-Agriculture-Production-Report-2025.pdf,National Agriculture Production Report 2025,statistics,174,359,en,5,0
S03,National-Agriculture-Production-Report-2025.pdf,National Agriculture Production Report 2025,statistics,175,6,unknown,0,0
S03,National-Agriculture-Production-Report-2025.pdf,National Agriculture Production Report 2025,statistics,176,420,en,100,0
S03,National-Agriculture-Production-Report-2025.pdf,National Agriculture Production Report 2025,statistics,177,388,unknown,0,0
S03,National-Agriculture-Production-Report-2025.pdf,National Agriculture Production Report 2025,statistics,178,412,en,52,0
S03,National-Agriculture-Production-Report-2025.pdf,National Agriculture Production Report 2025,statistics,179,6,unknown,0,0
S03,National-Agriculture-Production-Report-2025.pdf,National Agriculture Production Report 2025,statistics,180,241,en,44,0
S03,National-Agriculture-Production-Report-2025.pdf,National Agriculture Production Report 2025,statistics,181,108,en,14,0
S03,National-Agriculture-Production-Report-2025.pdf,National Agriculture Production Report 2025,statistics,182,423,en,96,0
S03,National-Agriculture-Production-Report-2025.pdf,National Agriculture Production Report 2025,statistics,183,6,unknown,0,0
S03,National-Agriculture-Production-Report-2025.pdf,National Agriculture Production Report 2025,statistics,184,200,en,25,0
S03,National-Agriculture-Production-Report-2025.pdf,National Agriculture Production Report 2025,statistics,185,6,unknown,0,0
S03,National-Agriculture-Production-Report-2025.pdf,National Agriculture Production Report 2025,statistics,186,326,unknown,3,0
S03,National-Agriculture-Production-Report-2025.pdf,National Agriculture Production Report 2025,statistics,187,293,unknown,4,0
S03,National-Agriculture-Production-Report-2025.pdf,National Agriculture Production Report 2025,statistics,188,416,en,5,0
S03,National-Agriculture-Production-Report-2025.pdf,National Agriculture Production Report 2025,statistics,189,347,unknown,3,0
S03,National-Agriculture-Production-Report-2025.pdf,National Agriculture Production Report 2025,statistics,190,229,en,5,0
S03,National-Agriculture-Production-Report-2025.pdf,National Agriculture Production Report 2025,statistics,191,354,unknown,3,0
S03,National-Agriculture-Production-Report-2025.pdf,National Agriculture Production Report 2025,statistics,192,227,en,5,0
S03,National-Agriculture-Production-Report-2025.pdf,National Agriculture Production Report 2025,statistics,193,489,unknown,4,0
S03,National-Agriculture-Production-Report-2025.pdf,National Agriculture Production Report 2025,statistics,194,450,unknown,4,0
S03,National-Agriculture-Production-Report-2025.pdf,National Agriculture Production Report 2025,statistics,195,266,unknown,4,0
S03,National-Agriculture-Production-Report-2025.pdf,National Agriculture Production Report 2025,statistics,196,365,unknown,4,0
S03,National-Agriculture-Production-Report-2025.pdf,National Agriculture Production Report 2025,statistics,197,330,unknown,3,0
S03,National-Agriculture-Production-Report-2025.pdf,National Agriculture Production Report 2025,statistics,198,254,unknown,4,0
S03,National-Agriculture-Production-Report-2025.pdf,National Agriculture Production Report 2025,statistics,199,303,unknown,3,0
S03,National-Agriculture-Production-Report-2025.pdf,National Agriculture Production Report 2025,statistics,200,193,unknown,4,0
S03,National-Agriculture-Production-Report-2025.pdf,National Agriculture Production Report 2025,statistics,201,6,unknown,0,0
S03,National-Agriculture-Production-Report-2025.pdf,National Agriculture Production Report 2025,statistics,202,41,en,5,0
S04,Olwande_Smallholder_Maize_Efficiency_Kenya.pdf,Smallholder maize efficiency in Kenya (Olwande),economics,1,40,en,7,0
S04,Olwande_Smallholder_Maize_Efficiency_Kenya.pdf,Smallholder maize efficiency in Kenya (Olwande),economics,2,31,en,6,0
S04,Olwande_Smallholder_Maize_Efficiency_Kenya.pdf,Smallholder maize efficiency in Kenya (Olwande),economics,3,60,en,12,0
S04,Olwande_Smallholder_Maize_Efficiency_Kenya.pdf,Smallholder maize efficiency in Kenya (Olwande),economics,4,39,en,7,0
S04,Olwande_Smallholder_Maize_Efficiency_Kenya.pdf,Smallholder maize efficiency in Kenya (Olwande),economics,5,4,unknown,1,0
S04,Olwande_Smallholder_Maize_Efficiency_Kenya.pdf,Smallholder maize efficiency in Kenya (Olwande),economics,6,55,en,13,0
S04,Olwande_Smallholder_Maize_Efficiency_Kenya.pdf,Smallholder maize efficiency in Kenya (Olwande),economics,7,67,en,9,0
S04,Olwande_Smallholder_Maize_Efficiency_Kenya.pdf,Smallholder maize efficiency in Kenya (Olwande),economics,8,47,en,5,0
S04,Olwande_Smallholder_Maize_Efficiency_Kenya.pdf,Smallholder maize efficiency in Kenya (Olwande),economics,9,41,unknown,2,0
S04,Olwande_Smallholder_Maize_Efficiency_Kenya.pdf,Smallholder maize efficiency in Kenya (Olwande),economics,10,66,en,22,0
S04,Olwande_Smallholder_Maize_Efficiency_Kenya.pdf,Smallholder maize efficiency in Kenya (Olwande),economics,11,82,en,27,0
S04,Olwande_Smallholder_Maize_Efficiency_Kenya.pdf,Smallholder maize efficiency in Kenya (Olwande),economics,12,85,en,15,0
S04,Olwande_Smallholder_Maize_Efficiency_Kenya.pdf,Smallholder maize efficiency in Kenya (Olwande),economics,13,125,en,21,0
S04,Olwande_Smallholder_Maize_Efficiency_Kenya.pdf,Smallholder maize efficiency in Kenya (Olwande),economics,14,102,en,11,0
S04,Olwande_Smallholder_Maize_Efficiency_Kenya.pdf,Smallholder maize efficiency in Kenya (Olwande),economics,15,49,en,10,0
S04,Olwande_Smallholder_Maize_Efficiency_Kenya.pdf,Smallholder maize efficiency in Kenya (Olwande),economics,16,8,unknown,2,0
S04,Olwande_Smallholder_Maize_Efficiency_Kenya.pdf,Smallholder maize efficiency in Kenya (Olwande),economics,17,34,en,5,0
S04,Olwande_Smallholder_Maize_Efficiency_Kenya.pdf,Smallholder maize efficiency in Kenya (Olwande),economics,18,99,en,6,0
S04,Olwande_Smallholder_Maize_Efficiency_Kenya.pdf,Smallholder maize efficiency in Kenya (Olwande),economics,19,102,en,8,0
S04,Olwande_Smallholder_Maize_Efficiency_Kenya.pdf,Smallholder maize efficiency in Kenya (Olwande),economics,20,85,en,13,0
S04,Olwande_Smallholder_Maize_Efficiency_Kenya.pdf,Smallholder maize efficiency in Kenya (Olwande),economics,21,63,en,8,0
S04,Olwande_Smallholder_Maize_Efficiency_Kenya.pdf,Smallholder maize efficiency in Kenya (Olwande),economics,22,97,en,15,0
S04,Olwande_Smallholder_Maize_Efficiency_Kenya.pdf,Smallholder maize efficiency in Kenya (Olwande),economics,23,63,en,13,0
S04,Olwande_Smallholder_Maize_Efficiency_Kenya.pdf,Smallholder maize efficiency in Kenya (Olwande),economics,24,80,en,18,0
S04,Olwande_Smallholder_Maize_Efficiency_Kenya.pdf,Smallholder maize efficiency in Kenya (Olwande),economics,25,23,unknown,4,0
S04,Olwande_Smallholder_Maize_Efficiency_Kenya.pdf,Smallholder maize efficiency in Kenya (Olwande),economics,26,2,unknown,0,0
S04,Olwande_Smallholder_Maize_Efficiency_Kenya.pdf,Smallholder maize efficiency in Kenya (Olwande),economics,27,86,en,13,0
S04,Olwande_Smallholder_Maize_Efficiency_Kenya.pdf,Smallholder maize efficiency in Kenya (Olwande),economics,28,99,en,17,0
S05,Planting_strategies_of_maize_farmers_in_Kenya_a_si.pdf,Planting strategies of maize farmers in Kenya,agronomy,1,473,en,138,0
S05,Planting_strategies_of_maize_farmers_in_Kenya_a_si.pdf,Planting strategies of maize farmers in Kenya,agronomy,2,689,en,213,0
S05,Planting_strategies_of_maize_farmers_in_Kenya_a_si.pdf,Planting strategies of maize farmers in Kenya,agronomy,3,235,en,18,0
S05,Planting_strategies_of_maize_farmers_in_Kenya_a_si.pdf,Planting strategies of maize farmers in Kenya,agronomy,4,732,en,228,0
S05,Planting_strategies_of_maize_farmers_in_Kenya_a_si.pdf,Planting strategies of maize farmers in Kenya,agronomy,5,738,en,229,0
S05,Planting_strategies_of_maize_farmers_in_Kenya_a_si.pdf,Planting strategies of maize farmers in Kenya,agronomy,6,734,en,214,0
S05,Planting_strategies_of_maize_farmers_in_Kenya_a_si.pdf,Planting strategies of maize farmers in Kenya,agronomy,7,711,en,215,0
S05,Planting_strategies_of_maize_farmers_in_Kenya_a_si.pdf,Planting strategies of maize farmers in Kenya,agronomy,8,755,en,255,6
S05,Planting_strategies_of_maize_farmers_in_Kenya_a_si.pdf,Planting strategies of maize farmers in Kenya,agronomy,9,711,en,224,1
S05,Planting_strategies_of_maize_farmers_in_Kenya_a_si.pdf,Planting strategies of maize farmers in Kenya,agronomy,10,573,en,57,2
S05,Planting_strategies_of_maize_farmers_in_Kenya_a_si.pdf,Planting strategies of maize farmers in Kenya,agronomy,11,745,en,247,0
S05,Planting_strategies_of_maize_farmers_in_Kenya_a_si.pdf,Planting strategies of maize farmers in Kenya,agronomy,12,695,en,221,0
S05,Planting_strategies_of_maize_farmers_in_Kenya_a_si.pdf,Planting strategies of maize farmers in Kenya,agronomy,13,581,en,105,0
